[{"Area":"General Medicine","Appointment Time":"8:00","Invoice Code":1,"Identification Card":604930872,"Day":"Wednesday"},{"Area":"Cardiology","Appointment Time":"11:00","Invoice Code":2,"Identification Card":604930872,"Day":"Thursday"},{"Area":"Radiography","Appointment Time":"2:30","Invoice Code":3,"Identification Card":604930872,"Day":"Tuesday"},{"Area":"General Medicine","Appointment Time":"8:30","Invoice Code":4,"Identification Card":5250972,"Day":"Thursday"},{"Area":"Cardiology","Appointment Time":"11:30","Invoice Code":5,"Identification Card":5250972,"Day":"Wednesday"},{"Area":"Cardiology","Appointment Time":"1:00","Invoice Code":6,"Identification Card":5250972,"Day":"Tuesday"}]