"AMOUNTMEDICINE","NAMEMEDICINE","PRICEMEDICINE"
"0","Aspirina","2770.0"
"0","Omeprazol","744.0"
"0","Paracetamol","500.0"
"0","Amlodipina","3555.65"
"0","Simvastatina","34285.9"
"0","Acetaminofen","500.0"
"0","Ibuprofeno","800.0"
"0","Amoxicilina","1200.0"
"0","Dipirona","600.0"
"0","Aspirina","2770.0"
"0","Omeprazol","744.0"
"0","Paracetamol","500.0"
"0","Amlodipina","3555.65"
"0","Simvastatina","34285.9"
"0","Acetaminofen","500.0"
"0","Ibuprofeno","800.0"
"0","Amoxicilina","1200.0"
"0","Dipirona","600.0"
"0","Aspirina","2770.0"
"0","Omeprazol","744.0"
"0","Paracetamol","500.0"
"0","Amlodipina","3555.65"
"0","Simvastatina","34285.9"
"0","Acetaminofen","500.0"
"0","Ibuprofeno","800.0"
"0","Amoxicilina","1200.0"
"0","Dipirona","600.0"
"0","Aspirina","2770.0"
"0","Omeprazol","744.0"
"0","Paracetamol","500.0"
"0","Amlodipina","3555.65"
"0","Simvastatina","34285.9"
"0","Acetaminofen","500.0"
"0","Ibuprofeno","800.0"
"0","Amoxicilina","1200.0"
"0","Dipirona","600.0"
"0","Aspirina","2770.0"
"0","Omeprazol","744.0"
"0","Paracetamol","500.0"
"0","Amlodipina","3555.65"
"0","Simvastatina","34285.9"
"0","Acetaminofen","500.0"
"0","Ibuprofeno","800.0"
"0","Amoxicilina","1200.0"
"0","Dipirona","600.0"
